,name,number_of_calls,no_calls,all_calls,missingness_rate,private_variant_count,heterozygous_variant_count,perct_het_alt_in_snvs,perct_hom_alt_in_snvs,hom_AA_count,het_RA_count
1,LP6005441-DNA_A01,2537275,560438,4076931,0.137465657,36013,1523685,0.011,0.989,47343,534
2,LP6005441-DNA_A03,2513718,601791,4098549,0.146830256,68865,1344699,0.505,0.495,33873,34576
3,LP6005441-DNA_A04,2387557,522297,3842321,0.135932682,26228,1146999,0.446,0.554,34786,27993
4,LP6005441-DNA_A05,2461157,575350,4016964,0.143230061,29854,1436402,0.008,0.992,49938,400
5,LP6005441-DNA_A06,2553320,526613,4064195,0.129573753,32631,1532621,0.009,0.991,49274,445
6,LP6005441-DNA_A08,3234295,706453,5144043,0.137334194,163096,1987494,0.009,0.991,79644,710
7,LP6005441-DNA_A10,2321780,681644,3980186,0.171259333,47787,1125945,0.043,0.957,51931,2340
8,LP6005441-DNA_A11,3229915,820082,5286640,0.155123481,206897,1981341,0.024,0.976,81548,2012
9,LP6005441-DNA_A12,2382121,491608,3796796,0.129479698,23914,1092808,0.307,0.693,40830,18073
10,LP6005441-DNA_B01,2607850,523923,4088101,0.128158037,37208,1605556,0.604,0.396,24705,37734
11,LP6005441-DNA_B02,3133011,680248,4964108,0.13703328,110047,2077996,0.645,0.355,36333,65981
12,LP6005441-DNA_B03,2420967,525549,4080603,0.128791995,65435,1280541,0.452,0.548,37855,31242
13,LP6005441-DNA_B04,2416531,555769,3917661,0.141862453,26899,1239331,0.484,0.516,32821,30791
14,LP6005441-DNA_B05,2474118,618828,4052598,0.152699083,30520,1509445,0.617,0.383,24784,39942
15,LP6005441-DNA_B06,2549130,563297,4102931,0.137291366,34383,1556980,0.605,0.395,19477,29875
16,LP6005441-DNA_B07,2594685,517494,4074290,0.127014523,39741,1471360,0.516,0.484,33104,35292
17,LP6005441-DNA_B08,3222823,761610,5182846,0.146948221,164471,2022364,0.601,0.399,43654,65630
18,LP6005441-DNA_B09,2509545,615917,4101875,0.15015499,40198,1433392,0.542,0.458,30543,36128
19,LP6005441-DNA_B10,2399061,646472,4053006,0.159504328,34926,1201840,0.436,0.564,35027,27063
20,LP6005441-DNA_B11,3297932,756776,5278328,0.14337419,202082,2002605,0.026,0.974,81681,2171
21,LP6005441-DNA_B12,2379441,473795,3769480,0.125692403,19346,1062073,0.277,0.723,41643,15934
22,LP6005441-DNA_C01,2575051,532327,4084084,0.130341834,38314,1524408,0.009,0.991,50933,440
23,LP6005441-DNA_C02,2580718,496559,4049633,0.122618272,30288,1535946,0.011,0.989,48420,536
24,LP6005441-DNA_C03,2522300,565793,4061489,0.139306791,35872,1444019,0.013,0.987,51789,681
25,LP6005441-DNA_C05,2468494,593067,4035306,0.146969524,38995,1383253,0.009,0.991,50964,445
26,LP6005441-DNA_C06,2538700,538727,4088961,0.131751562,41357,1418736,0.009,0.991,48766,466
27,LP6005441-DNA_C07,2649449,504773,4135151,0.122068819,38428,1608527,0.007,0.993,49244,341
28,LP6005441-DNA_C08,2521369,553459,4030142,0.137329901,41188,1397746,0.025,0.975,50465,1297
29,LP6005441-DNA_C09,2508992,574421,4049315,0.141856339,29800,1496538,0.011,0.989,50343,549
30,LP6005441-DNA_C10,2530531,598396,4098228,0.14601335,39717,1537913,0.012,0.988,49854,595
31,LP6005441-DNA_C11,2526674,526415,4027804,0.130695287,34498,1478351,0.016,0.984,49236,795
32,LP6005441-DNA_D01,2538575,526926,4040383,0.130414864,37829,1446532,0.01,0.99,47781,503
33,LP6005441-DNA_D02,2545393,545239,4046602,0.134739962,30940,1532986,0.602,0.398,26110,39550
34,LP6005441-DNA_D03,2627971,519956,4145457,0.125427908,39913,1591156,0.012,0.988,53141,652
35,LP6005441-DNA_D04,2491866,574745,4073469,0.141094728,40790,1397412,0.561,0.439,29588,37801
36,LP6005441-DNA_D05,2552716,564654,4118767,0.13709297,38485,1460437,0.56,0.44,27603,35145
37,LP6005441-DNA_D06,2597996,512237,4091555,0.125193722,45963,1487525,0.528,0.472,32440,36249
38,LP6005441-DNA_D07,2605787,500058,4067133,0.122950983,40471,1510965,0.58,0.42,30483,42085
39,LP6005441-DNA_D08,2509614,595208,4059672,0.1466148,43033,1430448,0.567,0.433,29505,38596
40,LP6005441-DNA_D09,2565191,536600,4058015,0.132232138,31371,1567057,0.621,0.379,25692,42008
41,LP6005441-DNA_D10,2652281,536177,4172883,0.128490782,44076,1648407,0.638,0.362,26186,46243
42,LP6005441-DNA_D11,2545068,578363,4092542,0.141321213,34743,1557411,0.639,0.361,26454,46839
43,LP6005441-DNA_D12,2498401,637717,4123144,0.154667652,38384,1457190,0.563,0.437,29249,37694
44,LP6005441-DNA_E02,2575209,518893,4081915,0.127119991,38226,1477400,0.009,0.991,51128,472
45,LP6005441-DNA_E03,2571943,556588,4109708,0.135432493,42075,1551240,0.009,0.991,50496,449
46,LP6005441-DNA_E05,2579970,533681,4119527,0.129549096,36098,1520453,0.007,0.993,51035,372
47,LP6005441-DNA_E06,2526508,532053,4019751,0.132359691,35819,1435395,0.012,0.988,53468,627
48,LP6005441-DNA_E07,3114405,656215,4903742,0.133819234,110429,2012443,0.012,0.988,70440,823
49,LP6005441-DNA_E08,2503079,612073,4084757,0.149843185,40972,1427402,0.031,0.969,50342,1603
50,LP6005441-DNA_E09,2486204,566539,4027149,0.14067992,28869,1363731,0.01,0.99,50676,503
51,LP6005441-DNA_E10,2466582,497630,3914300,0.127131288,28835,1260569,0.01,0.99,51373,526
52,LP6005441-DNA_F01,3164514,648902,4992162,0.129984163,119279,2046513,0.009,0.991,72465,631
53,LP6005441-DNA_F02,2638298,530579,4157268,0.127626845,40553,1609518,0.59,0.41,29055,41830
54,LP6005441-DNA_F03,2597376,595655,4165764,0.142988177,40743,1613094,0.638,0.362,26214,46109
55,LP6005441-DNA_F04,2606548,513251,4094727,0.125344376,36097,1500552,0.573,0.427,30106,40360
56,LP6005441-DNA_F05,2599840,537416,4146974,0.129592324,34863,1568760,0.01,0.99,48547,474
57,LP6005441-DNA_F06,2617353,507019,4079956,0.124270703,35736,1554732,0.602,0.398,28600,43215
58,LP6005441-DNA_F07,3139170,651829,4940031,0.131948362,109098,2084340,0.659,0.341,34724,66977
59,LP6005441-DNA_F08,2594072,538591,4111959,0.130981608,37172,1488535,0.578,0.422,28712,39311
60,LP6005441-DNA_F09,2503482,583302,4053583,0.14389788,27953,1392862,0.52,0.48,30459,32966
61,LP6005441-DNA_F10,2375403,573951,3873878,0.148159286,27429,1166050,0.359,0.641,37086,20798
62,LP6005441-DNA_F12,2375013,694649,4070241,0.170665324,38223,1332360,0.551,0.449,29346,36046
63,LP6005441-DNA_G02,3355122,631689,5194763,0.12160112,203700,2165891,0.007,0.993,77980,584
64,LP6005441-DNA_G03,2608107,503797,4093076,0.123085181,51227,1481171,0.011,0.989,53101,572
65,LP6005441-DNA_G04,2518764,524537,4036730,0.129941066,37967,1463634,0.008,0.992,49324,394
66,LP6005441-DNA_G05,2531969,545869,4041642,0.135061195,33345,1404741,0.009,0.991,50985,459
67,LP6005441-DNA_G06,2374176,466646,3786656,0.123234326,15650,1077655,0.007,0.993,51220,383
68,LP6005441-DNA_G07,2486640,507678,3944154,0.128716576,30355,1303308,0.542,0.458,30975,36707
69,LP6005441-DNA_G08,2678209,567362,4247561,0.133573597,47677,1644428,0.01,0.99,52598,527
70,LP6005441-DNA_G09,2672925,516600,4168845,0.123919215,43413,1660541,0.023,0.977,1664,39
71,LP6005441-DNA_G10,2495044,599390,4063942,0.147489802,36609,1496505,0.042,0.958,49119,2149
72,LP6005441-DNA_G11,2581484,516673,4089384,0.126344946,40284,1496688,0.009,0.991,49313,453
73,LP6005441-DNA_G12,2389102,683461,4088139,0.167181449,32667,1439856,0.03,0.97,44175,1389
74,LP6005441-DNA_H02,3318070,638408,5187641,0.123063257,210109,2129311,0.007,0.993,80783,597
75,LP6005441-DNA_H03,2570730,584437,4130243,0.141501844,48620,1510902,0.56,0.44,31159,39687
76,LP6005441-DNA_H05,2565713,557255,4094959,0.13608317,34153,1470649,0.551,0.449,30957,37921
77,LP6005441-DNA_H06,2356143,525577,3804272,0.138154422,18678,1106040,0.485,0.515,33065,31119
78,LP6005441-DNA_H07,2438588,538375,3918785,0.137383143,28508,1253350,0.464,0.536,34109,29493
79,LP6005441-DNA_H08,2798157,568296,4388645,0.12949236,57467,1801222,0.678,0.322,26627,56071
80,LP6005441-DNA_H09,2551061,636678,4179842,0.152321069,41755,1578509,0.649,0.351,24383,45054
81,LP6005441-DNA_H10,2624641,505098,4101265,0.123156636,31186,1605858,0.632,0.368,25435,43748
82,LP6005441-DNA_H11,2638103,542556,4157444,0.130502299,43451,1629973,0.637,0.363,24411,42927
83,LP6005441-DNA_H12,2462597,639322,4081381,0.156643548,34609,1493846,0.648,0.352,22716,41799
84,LP6005442-DNA_A02,3109209,675835,4933216,0.136996839,103664,2021505,0.012,0.988,70330,880
85,LP6005442-DNA_A03,2548990,542267,4080380,0.132896201,31552,1540774,0.007,0.993,52929,394
86,LP6005442-DNA_A04,2547431,551419,4062453,0.135735478,33913,1521719,0.01,0.99,50502,495
87,LP6005442-DNA_A08,2527708,554388,4070862,0.136184425,29493,1520710,0.008,0.992,49771,412
88,LP6005442-DNA_A10,3141687,629916,4897777,0.128612634,103731,2024486,0.01,0.99,73891,736
89,LP6005442-DNA_A11,2574587,516876,4046571,0.12773185,33885,1544356,0.01,0.99,50370,520
90,LP6005442-DNA_A12,2635479,520251,4130825,0.125943607,45077,1573024,0.009,0.991,52179,475
91,LP6005442-DNA_B01,2493377,664087,4157051,0.159749544,34695,1552024,0.633,0.367,24763,42654
92,LP6005442-DNA_B02,3142121,698422,4980915,0.140219618,107596,2093938,0.671,0.329,33379,67943
93,LP6005442-DNA_B03,2534145,537028,4052027,0.132533174,31708,1531919,0.009,0.991,50352,454
94,LP6005442-DNA_B04,2571108,549310,4105942,0.13378416,33706,1548572,0.007,0.993,48456,327
95,LP6005442-DNA_B08,2624762,501847,4105479,0.122238355,31515,1604498,0.583,0.417,28893,40459
96,LP6005442-DNA_B10,3110386,711465,4967487,0.143224331,106053,2059230,0.642,0.358,36218,65084
97,LP6005442-DNA_B11,2578220,541006,4099945,0.131954453,35018,1581739,0.621,0.379,27075,44421
98,LP6005442-DNA_B12,2606010,578531,4141195,0.139701463,45486,1582518,0.6,0.4,30184,45234
99,LP6005442-DNA_C02,2534741,555738,4055889,0.137020022,32929,1519572,0.008,0.992,51341,396
100,LP6005442-DNA_C04,2637171,515908,4128558,0.124960822,40021,1603255,0.01,0.99,51586,515
101,LP6005442-DNA_C07,2498647,544751,3992361,0.136448332,38545,1347362,0.015,0.985,51127,779
102,LP6005442-DNA_C10,2612453,485247,4046642,0.119913499,28510,1587909,0.024,0.976,2652,64
103,LP6005442-DNA_C11,2526829,562360,4076439,0.137953739,41206,1420868,0.01,0.99,53295,525
104,LP6005442-DNA_D01,2423614,662738,4090134,0.162033322,37324,1375469,0.035,0.965,47965,1728
105,LP6005442-DNA_D02,2560703,551929,4091681,0.134890525,32293,1533003,0.008,0.992,50359,386
106,LP6005442-DNA_D03,2556547,547556,4101606,0.133497952,32797,1544039,0.009,0.991,49300,447
107,LP6005442-DNA_D08,2504252,586687,4043797,0.145083198,28313,1537548,0.64,0.36,24411,43464
108,LP6005442-DNA_D09,2888903,617843,4579847,0.134904725,95924,1832686,0.664,0.336,29671,58560
109,LP6005442-DNA_D10,2571593,531613,4067463,0.130698915,28787,1572793,0.607,0.393,25597,39521
110,LP6005442-DNA_D11,2590470,544009,4116156,0.13216433,42932,1482319,0.533,0.467,30793,35093
111,LP6005442-DNA_E04,2643705,542744,4187619,0.129606824,42536,1629333,0.013,0.987,49337,674
112,LP6005442-DNA_E07,2483858,514196,3930158,0.130833417,39272,1288733,0.012,0.988,50826,616
113,LP6005442-DNA_E10,2537990,523515,4028090,0.129966063,29356,1511004,0.009,0.991,48886,433
114,LP6005442-DNA_E11,3130371,638650,4891002,0.130576516,112354,2043858,0.009,0.991,68872,592
115,LP6005442-DNA_E12,2609366,546413,4127667,0.132378169,30849,1557215,0.61,0.39,28907,45217
116,LP6005442-DNA_F01,2341978,751115,4113717,0.182587913,26798,1346092,0.599,0.401,24889,37170
117,LP6005442-DNA_F02,2525981,580741,4063450,0.14291821,31385,1483744,0.007,0.993,51783,389
118,LP6005442-DNA_F04,2567732,537523,4068789,0.132108841,40412,1471683,0.009,0.991,52751,489
119,LP6005442-DNA_F09,3188198,652397,4982641,0.130933977,114359,2124779,0.678,0.322,34918,73571
120,LP6005442-DNA_F10,2569074,533227,4082607,0.130609437,31005,1563754,0.61,0.39,27510,43043
121,LP6005442-DNA_F11,3127051,713313,4979412,0.143252456,111234,2083335,0.688,0.312,33051,72990
122,LP6005442-DNA_F12,2545905,590024,4092246,0.144180971,30309,1530332,0.63,0.37,26945,45964
123,LP6005442-DNA_G01,2326313,737940,4087042,0.180556011,36584,1310202,0.033,0.967,46582,1567
124,LP6005442-DNA_G02,2552012,558954,4085505,0.136813931,35415,1529758,0.011,0.989,50396,553
125,LP6005442-DNA_G03,2520637,542432,4027403,0.134685305,28085,1500249,0.016,0.984,48998,775
126,LP6005442-DNA_G04,2576874,516400,4051247,0.127466926,32650,1545132,0.007,0.993,49834,362
127,LP6005442-DNA_G07,2556444,537532,4062295,0.132322246,34075,1533940,0.011,0.989,52137,564
128,LP6005442-DNA_G09,2649551,521935,4176539,0.124968305,49141,1612337,0.011,0.989,50195,566
129,LP6005442-DNA_G10,3145692,629457,4912789,0.128126203,120241,2033779,0.011,0.989,68453,769
130,LP6005442-DNA_G11,3196916,623727,4970687,0.125481045,132874,2080391,0.008,0.992,72156,603
131,LP6005442-DNA_G12,2595796,518737,4090362,0.126819338,32757,1463815,0.51,0.49,34024,35432
132,LP6005442-DNA_H01,2465087,648363,4117829,0.157452629,39357,1413084,0.541,0.459,30304,35730
133,LP6005442-DNA_H03,2521115,545725,4035555,0.135229231,27264,1508985,0.009,0.991,49500,451
134,LP6005442-DNA_H04,2610436,484221,4056439,0.119370956,33607,1563950,0.008,0.992,51691,401
135,LP6005442-DNA_H09,2661613,528767,4159505,0.127122578,52489,1627312,0.601,0.399,29889,44998
136,LP6005442-DNA_H10,3092893,710994,4947071,0.143720193,108692,2064725,0.667,0.333,33309,66664
137,LP6005442-DNA_H11,3246376,633062,5034979,0.125732798,133289,2164568,0.668,0.332,35824,72106
138,LP6005442-DNA_H12,2596063,508501,4078003,0.124693631,31922,1449199,0.525,0.475,32795,36312
139,LP6005443-DNA_A01,3101514,665781,4923413,0.135227534,105577,2029771,0.007,0.993,67219,482
140,LP6005443-DNA_A02,2522892,561616,4070887,0.137959123,39618,1400911,0.007,0.993,52126,383
141,LP6005443-DNA_A03,2589075,525580,4100378,0.128178426,24211,1517136,0.008,0.992,52974,423
142,LP6005443-DNA_A06,2590582,504826,4072577,0.123957386,36926,1559988,0.009,0.991,50367,460
143,LP6005443-DNA_A07,2552949,577837,4130175,0.139906178,45699,1480211,0.009,0.991,50038,472
144,LP6005443-DNA_A08,2538460,489591,4005778,0.122221201,37799,1249686,0.009,0.991,55143,493
145,LP6005443-DNA_A12,2480173,509704,3952812,0.12894719,27226,1302662,0.007,0.993,53059,367
146,LP6005443-DNA_B01,2565901,514225,4055389,0.126800413,41346,1422721,0.011,0.989,51282,586
147,LP6005443-DNA_B02,2590471,568587,4143863,0.137211824,35401,1574063,0.006,0.994,50241,328
148,LP6005443-DNA_B03,2491233,539715,4006758,0.134701172,21503,1336572,0.007,0.993,51863,387
149,LP6005443-DNA_B04,2571547,524708,4069974,0.128921708,25501,1445932,0.51,0.49,34515,35970
150,LP6005443-DNA_B06,2504177,575434,4027618,0.14287204,28143,1514412,0.568,0.432,26739,35134
151,LP6005443-DNA_B07,2513855,601628,4095941,0.146883952,43695,1450999,0.542,0.458,29998,35490
152,LP6005443-DNA_B08,2519510,509928,3993644,0.127684891,39330,1232150,0.009,0.991,54161,516
153,LP6005443-DNA_B09,3030256,670690,4831302,0.138821792,109806,1929477,0.012,0.988,70114,829
154,LP6005443-DNA_B10,2582329,537609,4097787,0.13119496,36269,1541007,0.007,0.993,53239,379
155,LP6005443-DNA_C01,2412070,469809,3733085,0.125850068,32423,1384172,0.021,0.979,869,19
156,LP6005443-DNA_C02,2533188,566285,4090160,0.138450574,38748,1428288,0.01,0.99,51785,522
157,LP6005443-DNA_C03,2562499,594184,4136787,0.143634178,25012,1575030,0.008,0.992,50241,425
158,LP6005443-DNA_C04,2540711,538168,4052670,0.132793442,25272,1409467,0.01,0.99,52198,513
159,LP6005443-DNA_C06,2549688,582981,4110992,0.141810298,41741,1454756,0.558,0.442,32544,41106
160,LP6005443-DNA_C07,2430699,586351,3996805,0.146704931,36387,1202362,0.017,0.983,52994,922
161,LP6005443-DNA_C08,2498679,529930,4015632,0.131966774,43740,1223279,0.009,0.991,55159,494
162,LP6005443-DNA_C09,2626146,527541,4149466,0.127134672,39900,1552222,0.011,0.989,52110,577
163,LP6005443-DNA_D01,2602663,560970,4155785,0.134985328,39987,1608133,0.649,0.351,24353,45071
164,LP6005443-DNA_D02,2578473,511833,4085521,0.125279738,29693,1445477,0.009,0.991,52724,498
165,LP6005443-DNA_D03,2440808,561376,3961760,0.141698639,20962,1263340,0.009,0.991,50566,463
166,LP6005443-DNA_D04,2536514,509011,4018812,0.126657082,27422,1355441,0.566,0.434,31140,40559
167,LP6005443-DNA_D05,2548089,574143,4085155,0.140543749,24111,1524257,0.594,0.406,28836,42186
168,LP6005443-DNA_D06,2543351,549517,4063021,0.135248378,38683,1417668,0.009,0.991,50560,468
169,LP6005443-DNA_D07,2486311,545432,4013955,0.135883935,41881,1205002,0.009,0.991,52839,501
170,LP6005443-DNA_D08,2520795,544863,4035712,0.135010377,39235,1263329,0.5,0.5,34180,34217
171,LP6005443-DNA_D09,2412693,510134,3873589,0.131695438,39514,1135303,0.009,0.991,53132,472
172,LP6005443-DNA_E01,2551434,520606,4068472,0.127961063,39956,1396685,0.008,0.992,53526,424
173,LP6005443-DNA_E02,3140072,641881,4938383,0.129977971,115979,2013166,0.009,0.991,74915,658
174,LP6005443-DNA_E05,2548859,587389,4107857,0.142991589,24515,1550553,0.008,0.992,46898,387
175,LP6005443-DNA_E06,3103236,569244,4773346,0.119254711,106659,2076856,0.022,0.978,2510,57
176,LP6005443-DNA_E07,2406068,595573,3992823,0.149160882,47508,1169019,0.012,0.988,49942,587
177,LP6005443-DNA_E08,2514189,543061,4023429,0.13497467,37106,1257782,0.499,0.501,33871,33737
178,LP6005443-DNA_E09,2586010,518320,4103837,0.126301313,41446,1454458,0.009,0.991,50888,472
179,LP6005443-DNA_E10,2616002,494085,4092273,0.12073608,34534,1575252,0.01,0.99,49748,491
180,LP6005443-DNA_E11,2460339,517129,3944981,0.131085295,27504,1278284,0.499,0.501,32847,32684
181,LP6005443-DNA_F01,2493607,586980,4068374,0.144278771,38207,1372862,0.009,0.991,51394,466
182,LP6005443-DNA_F02,3211043,680168,5063828,0.134318938,131366,2098466,0.025,0.975,78710,2001
183,LP6005443-DNA_F03,2479426,563992,3998645,0.141045779,19381,1335671,0.521,0.479,33402,36304
184,LP6005443-DNA_F04,2655527,464419,4068943,0.114137505,28974,1585070,0.021,0.979,3055,64
185,LP6005443-DNA_F06,3055542,612750,4792433,0.127857813,106248,1994946,0.008,0.992,71638,582
186,LP6005443-DNA_F07,2460599,560261,3993810,0.140282337,36579,1190308,0.008,0.992,54853,434
187,LP6005443-DNA_F08,2495346,541794,4021255,0.134732565,39203,1236296,0.009,0.991,54041,513
188,LP6005443-DNA_F10,2566887,529428,4076640,0.129868715,33537,1528697,0.008,0.992,49198,411
189,LP6005443-DNA_G01,2441196,524212,4081453,0.128437593,38545,1383644,0.549,0.451,31214,37946
190,LP6005443-DNA_G02,3280079,670075,5153105,0.130033252,148968,2136432,0.036,0.964,73877,2797
191,LP6005443-DNA_G03,2520647,517909,3995595,0.129619994,20523,1346629,0.521,0.479,32894,35797
192,LP6005443-DNA_G04,2558740,585613,4117896,0.142211702,27818,1544166,0.628,0.372,27016,45607
193,LP6005443-DNA_G05,2510292,535292,4013875,0.133360406,38847,1346846,0.01,0.99,51046,538
194,LP6005443-DNA_G07,2464151,563310,4000227,0.140819508,40057,1200098,0.008,0.992,52995,442
195,LP6005443-DNA_G08,3366179,651177,5312678,0.122570387,209446,2054539,0.008,0.992,81195,624
196,LP6005443-DNA_G11,2503297,509380,3979984,0.127985439,31980,1331832,0.012,0.988,52084,633
197,LP6005443-DNA_H01,2587420,529359,4103146,0.129012957,38588,1488748,0.008,0.992,51056,409
198,LP6005443-DNA_H02,2569448,533211,4066920,0.131109292,24877,1503797,0.615,0.385,28560,45573
199,LP6005443-DNA_H05,2513672,565883,4049813,0.139730649,29530,1503526,0.008,0.992,48220,407
200,LP6005443-DNA_H07,2451620,547717,3977332,0.137709651,39541,1161430,0.008,0.992,51807,417
201,LP6005443-DNA_H08,3032133,649195,4816202,0.134793973,111020,1926414,0.008,0.992,69306,575
202,LP6005443-DNA_H11,2617653,509978,4108901,0.124115426,33801,1533876,0.627,0.373,29580,49724
203,LP6005519-DNA_A04,2592750,575193,4156124,0.138396496,47842,1557311,0.007,0.993,54123,376
204,LP6005519-DNA_A05,2647355,523575,4162125,0.125795117,52183,1580983,0.008,0.992,53865,420
205,LP6005519-DNA_A06,2584143,560230,4137962,0.135387904,43153,1507640,0.007,0.993,53515,370
206,LP6005519-DNA_B04,2592453,566925,4142976,0.13684004,49311,1547285,0.006,0.994,53098,330
207,LP6005519-DNA_B05,2560414,548318,4096440,0.133852321,45282,1468958,0.007,0.993,51976,350
208,LP6005519-DNA_B06,2542658,579138,4118729,0.140610853,39987,1460340,0.006,0.994,52526,329
209,LP6005519-DNA_C03,2517583,527577,4020038,0.131236819,33178,1416275,0.006,0.994,50180,319
210,LP6005519-DNA_C04,2575406,560349,4121190,0.135967767,46710,1514947,0.006,0.994,52994,312
211,LP6005519-DNA_C05,2588099,570679,4144529,0.137694537,49762,1542317,0.007,0.993,51461,348
212,LP6005519-DNA_C06,2528818,528846,4013407,0.13176984,36079,1373831,0.517,0.483,33669,36044
213,LP6005519-DNA_D01,2421233,530079,3903521,0.135795094,26787,1234612,0.007,0.993,48916,333
214,LP6005519-DNA_D03,2549492,561514,4084245,0.137482937,33580,1531195,0.006,0.994,49785,303
215,LP6005519-DNA_D04,2572837,579675,4148704,0.139724357,47187,1538168,0.007,0.993,50708,348
216,LP6005519-DNA_D05,2571533,593396,4175134,0.142126217,48535,1518711,0.007,0.993,52873,353
217,LP6005519-DNA_D06,2437842,547447,3967637,0.137978096,32855,1244818,0.007,0.993,51739,378
218,LP6005519-DNA_E04,2586176,579651,4163696,0.139215495,51133,1544005,0.007,0.993,51263,354
219,LP6005519-DNA_E05,2582205,568875,4137079,0.137506439,57928,1508017,0.006,0.994,52651,337
220,LP6005519-DNA_E06,2504968,572517,4049902,0.141365643,37932,1383080,0.508,0.492,33134,34166
221,LP6005519-DNA_F03,2597071,519546,4098503,0.126764821,35730,1566703,0.007,0.993,50415,367
222,LP6005519-DNA_F04,2599442,574363,4169754,0.137745056,50883,1547703,0.007,0.993,51346,347
223,LP6005519-DNA_F06,2518001,551931,4033046,0.136852146,37669,1367628,0.525,0.475,33888,37486
224,LP6005519-DNA_G02,2425183,566167,3949499,0.1433516,25800,1267478,0.466,0.534,36489,31894
225,LP6005519-DNA_G03,2622095,552139,4174430,0.13226692,43533,1596144,0.007,0.993,49942,366
226,LP6005519-DNA_G04,2597073,553443,4149555,0.133374061,50067,1553532,0.007,0.993,52347,365
227,LP6005519-DNA_H03,2612206,552245,4144000,0.133263755,44729,1580060,0.008,0.992,51356,397
228,LP6005519-DNA_H04,2577443,590481,4156026,0.142078274,51097,1543899,0.007,0.993,51791,361
229,LP6005592-DNA_A02,2532084,539793,4051753,0.133224557,28378,1539108,0.037,0.963,1101,42
230,LP6005592-DNA_A04,2471147,696268,4137223,0.168293563,41142,1527619,0.624,0.376,26010,43164
231,LP6005592-DNA_B01,2601180,508980,4075598,0.124884741,29725,1586128,0.612,0.388,27275,43093
232,LP6005592-DNA_B02,2480451,712548,4216220,0.169001618,35756,1563592,0.026,0.974,47095,1247
233,LP6005592-DNA_B03,2634434,528005,4160283,0.126915645,43655,1584016,0.007,0.993,54257,403
234,LP6005592-DNA_B04,2637546,518786,4115990,0.126041608,47628,1584500,0.017,0.983,52179,909
235,LP6005592-DNA_C01,2524110,568630,4052343,0.140321291,25723,1496980,0.55,0.45,30240,36956
236,LP6005592-DNA_C02,2567814,527335,4073395,0.129458351,42282,1444501,0.008,0.992,50302,384
237,LP6005592-DNA_C03,3255584,689216,5186848,0.132877617,169905,2005067,0.008,0.992,80791,650
238,LP6005592-DNA_C05,3406376,723617,5364212,0.134897167,222136,2124679,0.607,0.393,48385,74738
239,LP6005592-DNA_D01,2526786,530720,4018425,0.132071645,25677,1451009,0.009,0.991,47947,424
240,LP6005592-DNA_D03,2594441,522477,4100779,0.127409207,41985,1472435,0.548,0.452,31485,38229
241,LP6005592-DNA_D04,2504070,497470,3981847,0.124934484,37782,1377358,0.008,0.992,49267,398
242,LP6005592-DNA_E01,2471756,640180,4089348,0.156548183,37335,1496721,0.009,0.991,47233,441
243,LP6005592-DNA_E02,2480379,588024,4049556,0.14520703,31360,1480904,0.007,0.993,47250,331
244,LP6005592-DNA_F01,2510219,616044,4103635,0.150121539,43346,1524262,0.612,0.388,26405,41683
245,LP6005592-DNA_F03,2597515,544479,4135392,0.131663214,25975,1517632,0.583,0.417,30635,42882
246,LP6005592-DNA_G01,2595998,554139,4131842,0.134114276,43548,1574940,0.006,0.994,52068,333
247,LP6005592-DNA_G03,2466108,589421,4065615,0.144977082,44135,1391160,0.039,0.961,48043,1969
248,LP6005592-DNA_H01,2619426,549056,4162128,0.131917135,46469,1589795,0.561,0.439,30231,38596
249,LP6005592-DNA_H03,2459331,650648,4124139,0.157765779,61408,1395086,0.039,0.961,49459,1994
250,LP6005619-DNA_B01,2657616,592308,4268657,0.138757459,47949,1639805,0.007,0.993,52749,366
251,LP6005619-DNA_C01,2658612,628959,4306318,0.146054936,48410,1667344,0.007,0.993,52323,369
252,LP6005677-DNA_A02,2602907,544508,4111798,0.132425766,33575,1574375,0.549,0.451,31703,38577
253,LP6005677-DNA_A03,2570311,561987,4104620,0.136915719,35315,1563983,0.607,0.393,27796,42854
254,LP6005677-DNA_B01,2556665,550627,4086208,0.134752563,33226,1544349,0.586,0.414,28956,40960
255,LP6005677-DNA_B02,2596220,531889,4127387,0.128868216,31977,1537341,0.007,0.993,49508,364
256,LP6005677-DNA_C03,2586959,534424,4086970,0.130762888,34870,1558051,0.007,0.993,51509,359
257,LP6005677-DNA_D01,2495933,491594,3958097,0.124199584,29018,1314878,0.012,0.988,50880,599
258,LP6005677-DNA_D03,3321766,690484,5238023,0.131821491,223053,1952065,0.464,0.536,59261,51298
259,LP6005677-DNA_E01,2372645,577704,3918661,0.147423827,26330,1210081,0.012,0.988,51271,598
260,LP6005677-DNA_F01,2465817,548771,3977210,0.137978885,27216,1314594,0.506,0.494,32708,33545
261,LP6005677-DNA_G01,3172849,576169,4930728,0.116852724,113873,2070448,0.007,0.993,71097,500
262,LP6007068-DNA_A01,2533147,554339,4023430,0.137777717,34544,1512558,0.008,0.992,48388,399
263,LP6007069-DNA_A01,2565469,554913,4073552,0.136223375,35516,1581729,0.592,0.408,28726,41694
264,SS6004467,2497153,570007,4033674,0.141312114,41340,1404877,0.017,0.983,49839,851
265,SS6004468,2555909,523534,4020952,0.130201505,29982,1533098,0.012,0.988,48910,593
266,SS6004469,2517808,569408,4058085,0.140314459,44842,1411812,0.02,0.98,50810,1044
267,SS6004470,3064264,691669,4878163,0.141788825,104937,1988369,0.014,0.986,70801,1018
268,SS6004471,3237931,698498,5142321,0.135833216,163165,2009216,0.012,0.988,77098,902
269,SS6004472,2490999,531848,3975254,0.13378969,43296,1198020,0.012,0.988,52469,639
270,SS6004473,3322872,733975,5292653,0.138678088,218114,2029580,0.011,0.989,83274,967
271,SS6004474,2523394,536048,4010211,0.133670772,34232,1479881,0.012,0.988,47686,581
272,SS6004475,3076329,692551,4908772,0.141084369,102636,1997370,0.011,0.989,71897,799
273,SS6004476,2357646,514736,3798511,0.135509941,19269,1099213,0.013,0.987,49291,650
274,SS6004477,2566716,535023,4078623,0.131177361,98653,1331711,0.01,0.99,53502,562
275,SS6004478,2576190,550395,4109729,0.133924889,103490,1372511,0.51,0.49,35219,36586
276,SS6004479,2411903,542368,3887179,0.139527405,26374,1243556,0.457,0.543,35051,29543
277,SS6004480,2898412,754192,4805608,0.156939975,103834,1849244,0.012,0.988,69073,874
278,LP6005443-DNA_F11,NA,0,3933469,0,NA,NA,NA,NA,NA,NA
279,LP6005443-DNA_H03,NA,0,4020324,0,NA,NA,NA,NA,NA,NA
